area,code,28/10/2020,29/10/2020,30/10/2020,31/10/2020,01/11/2020,02/11/2020,03/11/2020,04/11/2020,05/11/2020,06/11/2020,07/11/2020,08/11/2020,09/11/2020,10/11/2020,11/11/2020,12/11/2020,13/11/2020,14/11/2020,15/11/2020,16/11/2020,17/11/2020,18/11/2020,19/11/2020,20/11/2020,21/11/2020,22/11/2020,23/11/2020,24/11/2020,25/11/2020
England,E92000001,"20,240","19,959","19,643","14,358","13,353","27,919","22,290","20,690","20,867","20,801","16,605","17,948","28,078","24,441","24,629","21,889","21,618","15,972","13,843","23,670","20,340","18,181","15,457","14,650","10,568","9,937","15,925","13,035","10,364"
East of England,E12000006,"1,018",969,994,725,631,"1,376","1,146","1,043","1,115","1,105","1,010","1,076","1,796","1,459","1,605","1,374","1,359",984,898,"1,586","1,319","1,248","1,179","1,046",796,801,"1,225",964,835
East Midlands,E12000004,"2,141","2,103","2,060","1,502","1,227","3,240","2,361","2,146","2,196","2,292","1,750","2,018","2,992","2,656","2,651","2,158","2,145","1,707","1,402","2,573","2,108","1,831","1,485","1,462","1,092","1,003","1,599","1,327",931
London,E12000007,"1,965","1,996","1,867","1,384","1,203","2,903","2,117","2,041","2,088","2,101","1,640","1,759","3,078","2,719","2,902","2,812","2,690","1,909","1,762","3,071","2,545","2,453","2,172","2,108","1,465","1,468","2,356","1,971","1,534"
North East,E12000001,"1,171","1,121","1,210",883,994,"1,673","1,520","1,414","1,486","1,460","1,344","1,294","2,055","1,777","1,858","1,534","1,506","1,050","1,053","1,568","1,471","1,339","1,020",940,677,619,928,776,660
North West,E12000002,"4,648","4,544","4,372","3,144","3,064","5,934","4,439","4,089","3,910","3,850","2,808","3,173","4,710","3,897","3,912","3,417","3,224","2,370","1,980","3,346","3,054","2,563","2,167","1,982","1,373","1,374","2,155","1,773","1,508"
South East,E12000008,"1,631","1,703","1,694","1,210","1,006","2,516","1,960","1,937","1,919","1,920","1,706","1,950","2,985","2,596","2,714","2,609","2,723","1,792","1,586","2,993","2,285","2,260","1,887","1,887","1,468","1,273","2,340","1,831","1,493"
South West,E12000009,"1,371","1,410","1,239",851,711,"1,787","1,534","1,602","1,554","1,479","1,163","1,287","1,902","1,766","1,587","1,555","1,712","1,255","1,019","1,731","1,295","1,167",984,896,689,563,984,769,625
West Midlands,E12000005,"2,539","2,490","2,590","1,941","1,615","3,640","3,101","2,742","2,833","2,795","2,266","2,446","3,928","3,636","3,539","3,089","3,037","2,330","1,986","3,386","3,032","2,607","2,370","2,296","1,579","1,455","2,223","1,921","1,507"
Yorkshire and Humberside,E12000003,"3,582","3,456","3,464","2,629","2,818","4,668","3,944","3,509","3,585","3,633","2,833","2,892","4,490","3,771","3,700","3,199","3,078","2,503","2,094","3,264","3,054","2,578","2,085","1,930","1,360","1,328","2,016","1,599","1,238"
Adur,E07000223,6,12,6,0,5,12,4,7,5,11,4,6,6,10,9,16,7,7,6,17,3,7,6,5,5,3,4,6,5
Allerdale,E07000026,15,53,13,15,28,24,18,35,28,25,17,32,21,24,33,41,12,19,15,24,16,13,11,9,9,15,12,6,10
Amber Valley,E07000032,60,63,72,47,48,135,79,103,62,68,70,53,117,111,89,75,69,41,47,78,51,67,30,52,24,39,39,56,33
Arun,E07000224,26,21,30,16,6,29,28,21,15,8,10,20,26,41,23,22,26,26,16,66,18,14,15,13,5,15,18,7,13
Ashfield,E07000170,79,66,93,36,33,91,49,66,57,62,40,45,56,68,70,60,49,40,24,76,69,43,38,40,33,37,37,35,24
Ashford,E07000105,12,13,11,9,11,25,20,16,17,24,18,21,35,25,20,27,27,15,19,27,25,18,25,26,24,17,35,23,30
Babergh,E07000200,10,27,9,7,4,15,8,14,25,13,27,36,21,23,24,13,17,5,32,16,9,20,12,18,9,10,17,11,10
Barking and Dagenham,E09000002,72,60,48,32,32,87,72,79,87,78,55,23,94,92,111,73,79,54,60,105,88,79,86,70,70,53,89,72,58
Barnet,E09000003,64,68,77,61,43,110,77,86,75,86,70,99,150,121,117,113,95,74,60,146,98,67,104,84,47,58,86,94,84
Barnsley,E08000016,228,198,189,152,157,241,196,134,175,141,107,154,188,155,145,124,133,96,102,131,106,109,73,84,68,64,88,74,61
Barrow-in-Furness,E07000027,28,29,18,14,13,20,16,19,10,10,18,20,24,24,17,13,20,11,13,21,9,10,11,4,9,5,11,7,6
Basildon,E07000066,35,37,17,15,19,46,33,41,35,37,25,29,97,58,62,64,73,46,53,87,87,68,85,83,49,50,87,84,74
Basingstoke and Deane,E07000084,35,25,30,28,29,37,29,37,30,39,9,32,45,45,38,35,40,28,42,41,34,23,22,25,18,10,20,36,20
Bassetlaw,E07000171,69,80,94,47,54,112,118,69,72,72,58,44,86,89,75,59,76,61,46,63,64,63,59,38,32,21,47,35,22
Bath and North East Somerset,E06000022,91,68,81,41,47,62,63,81,70,74,63,66,89,57,54,50,105,53,55,90,39,43,30,26,18,27,25,21,18
Bedford Borough,E06000055,21,31,29,25,27,48,33,28,26,29,34,30,49,34,52,34,53,37,37,41,41,44,21,24,22,29,30,37,26
Bexley,E09000004,58,65,58,36,36,111,71,83,87,103,50,65,106,109,130,113,98,82,66,107,96,99,83,80,44,45,103,72,43
Birmingham,E08000025,541,506,540,411,336,723,624,568,540,585,503,437,782,752,692,634,641,465,383,725,727,627,545,534,349,335,465,500,336
Blaby,E07000129,43,30,39,33,23,85,52,42,55,50,47,58,84,66,79,65,68,48,39,94,59,57,33,35,29,43,28,42,28
Blackburn with Darwen,E06000008,177,152,179,67,126,229,192,167,144,131,123,100,175,122,119,129,98,85,60,90,101,88,62,62,49,50,66,56,67
Blackpool,E06000009,60,95,64,41,40,110,96,57,53,74,44,46,76,75,50,82,56,39,28,66,52,49,30,29,39,21,33,40,36
Bolsover,E07000033,53,45,74,35,38,77,68,37,64,62,36,65,71,47,42,41,41,37,19,43,62,32,25,46,14,21,33,29,17
Bolton,E08000001,238,206,218,222,172,297,252,214,200,208,152,148,224,206,206,170,187,130,116,171,121,137,117,156,60,85,123,104,85
Boston,E07000136,19,19,13,12,13,21,17,31,26,44,21,40,62,47,77,45,38,27,27,68,60,36,61,27,21,33,80,52,17
"Bournemouth, Christchurch and Poole",E06000058,137,150,103,73,61,168,161,153,150,135,91,131,164,159,142,136,132,85,76,124,86,99,82,75,38,34,62,63,47
Bracknell Forest,E06000036,13,18,24,17,8,31,28,22,21,18,10,23,25,25,28,26,20,28,14,13,13,18,8,12,3,12,17,16,12
Bradford,E08000032,432,472,428,321,382,603,520,404,459,482,365,350,469,419,436,429,411,284,253,424,390,338,275,233,136,164,250,200,173
Braintree,E07000067,22,4,14,7,5,23,28,22,25,18,13,17,27,22,28,18,28,26,10,46,31,26,15,23,22,16,38,30,24
Breckland,E07000143,45,11,17,7,7,13,13,18,23,23,25,20,40,33,38,13,23,16,10,27,20,17,15,6,11,9,13,13,9
Brent,E09000005,66,60,55,59,33,91,104,84,118,85,68,62,134,118,106,115,101,77,54,141,109,106,94,87,65,62,71,86,60
Brentwood,E07000068,30,26,41,9,7,28,21,23,23,25,18,21,31,31,39,25,28,21,26,39,24,24,26,25,6,9,19,20,14
Brighton and Hove,E06000043,62,66,37,38,29,67,78,57,51,56,71,73,99,78,87,56,64,45,22,71,33,39,21,26,15,25,32,25,14
Bristol,E06000023,353,282,301,183,146,401,366,352,353,341,267,263,368,356,302,377,335,259,206,338,276,231,166,166,122,92,138,125,113
Broadland,E07000144,9,7,17,7,12,15,27,28,39,27,26,16,38,32,26,24,36,21,12,25,15,14,11,20,13,9,28,29,23
Bromley,E09000006,43,33,51,26,28,75,57,57,60,55,49,55,72,74,84,81,87,79,61,92,75,87,47,51,39,34,79,72,52
Bromsgrove,E07000234,31,33,36,22,11,44,29,26,44,33,26,43,49,55,47,34,38,35,27,49,24,34,21,30,15,16,34,23,17
Broxbourne,E07000095,31,28,25,20,7,41,32,31,34,25,27,21,52,33,36,29,29,27,31,27,29,28,31,27,25,19,32,22,16
Broxtowe,E07000172,56,43,53,38,34,88,52,34,41,36,39,35,51,39,53,29,28,28,27,41,24,33,15,23,23,17,24,12,19
Buckinghamshire,E06000060,74,111,126,81,52,166,123,114,123,100,99,106,156,113,154,130,157,68,76,142,118,94,87,91,67,66,140,77,75
Burnley,E07000117,55,49,45,32,42,54,45,58,86,40,44,32,79,53,57,45,62,43,32,57,62,46,61,39,24,27,38,42,38
Bury,E08000002,163,169,162,134,118,229,181,159,160,139,106,113,190,141,160,98,109,80,73,122,118,87,72,77,51,47,79,73,46
Calderdale,E08000033,150,112,117,93,100,172,145,160,124,138,111,140,182,163,178,118,135,128,104,130,119,115,96,84,57,47,85,75,74
Cambridge,E07000008,35,21,23,20,19,25,26,19,31,15,33,55,87,68,21,73,21,15,24,36,36,21,20,9,8,10,22,13,10
Cambridgeshire,E10000003,86,75,84,59,57,121,99,86,95,95,88,129,196,166,145,159,85,56,58,113,105,105,97,56,33,39,86,58,46
Camden,E09000007,44,41,46,25,28,60,47,43,29,49,25,30,89,42,74,57,48,35,25,62,37,36,29,28,14,30,49,36,33
Cannock Chase,E07000192,53,56,40,26,32,75,65,50,44,47,28,39,71,49,81,49,50,20,35,45,41,34,39,37,25,19,42,27,24
Canterbury,E07000106,26,20,24,24,15,32,19,33,24,24,43,48,79,46,62,54,86,51,46,82,73,54,42,64,26,27,87,63,56
Carlisle,E07000028,48,39,24,40,38,66,52,33,36,31,38,19,36,46,34,32,42,31,39,43,73,42,50,24,15,8,28,18,16
Castle Point,E07000069,6,18,20,9,7,28,18,20,12,18,16,14,27,18,25,30,33,18,14,40,34,29,21,24,14,14,32,19,20
Central Bedfordshire,E06000056,38,51,52,39,29,57,61,50,30,41,46,55,76,60,60,52,46,39,28,48,52,39,23,30,15,38,27,45,23
Charnwood,E07000130,139,109,90,89,45,181,97,105,111,96,82,113,131,88,126,81,79,101,61,96,94,52,46,50,39,40,21,39,34
Chelmsford,E07000070,32,22,23,21,18,38,35,30,22,15,14,25,42,34,52,38,51,28,27,44,23,29,31,29,21,16,33,22,23
Cheltenham,E07000078,21,18,14,16,5,35,26,26,19,19,13,23,38,38,30,19,43,20,23,33,25,13,27,17,10,17,22,17,14
Cherwell,E07000177,31,40,44,28,18,34,37,37,33,40,24,38,43,32,44,31,31,25,16,27,16,20,27,17,19,20,29,17,16
Cheshire East,E06000049,121,95,120,102,67,166,126,107,132,143,98,103,219,133,136,129,103,72,62,108,144,122,79,61,56,59,65,85,62
Cheshire West and Chester,E06000050,121,143,118,80,91,156,127,146,154,167,108,131,205,173,174,124,138,108,109,139,114,101,87,56,28,52,63,42,44
Chesterfield,E07000034,58,53,49,56,31,72,59,54,35,42,25,66,47,55,50,39,51,32,32,40,36,24,20,20,15,10,27,13,10
Chichester,E07000225,25,16,18,19,13,33,29,25,13,26,16,22,30,30,22,31,23,17,19,24,25,16,12,11,14,5,23,13,5
Chorley,E07000118,47,61,39,37,38,76,51,50,47,38,32,40,61,45,60,42,45,39,33,49,51,35,29,32,20,22,44,35,28
City of London,E09000001,,,,,,,,,,,,,,,,,,,,,,,,,,,,,
Colchester,E07000071,29,22,39,20,15,46,22,25,37,29,20,18,35,28,28,27,26,20,9,21,28,21,26,11,14,14,24,17,19
Copeland,E07000029,20,22,25,16,23,27,21,25,26,19,13,15,35,25,29,16,11,10,10,11,9,17,7,10,4,9,5,5,2
Corby,E07000150,9,9,9,5,7,15,19,11,9,18,7,35,20,27,20,16,19,14,8,22,32,20,15,11,6,10,16,13,9
Cornwall,E06000052,37,65,33,21,22,73,51,73,46,69,27,48,89,126,75,55,73,51,37,69,52,48,51,48,31,24,36,18,13
Cotswold,E07000079,24,27,17,9,6,16,26,23,12,29,22,13,28,17,31,16,24,16,15,8,11,9,3,9,3,5,4,3,3
Coventry,E08000026,119,110,103,103,67,140,138,133,112,143,109,113,191,181,178,133,146,118,80,161,103,95,104,120,70,80,128,98,107
Craven,E07000163,23,10,9,15,10,23,10,29,18,13,10,11,41,26,19,24,23,23,10,27,26,21,9,9,7,7,10,11,7
Crawley,E07000226,13,22,23,24,16,28,24,15,22,22,27,22,35,30,29,24,17,22,9,17,19,18,5,10,12,14,13,18,8
Croydon,E09000008,78,60,65,42,42,102,68,52,65,76,57,52,93,98,109,87,102,75,73,102,96,102,86,93,59,51,84,74,50
Cumbria,E10000006,148,193,111,119,135,182,144,162,138,120,118,130,179,174,163,172,122,107,93,150,229,108,108,66,63,52,77,53,46
Dacorum,E07000096,19,14,12,16,15,29,21,23,35,36,20,19,37,36,24,37,22,22,21,33,35,24,41,20,12,18,18,28,18
Darlington,E06000005,37,20,44,37,52,49,54,50,58,51,46,20,72,57,66,53,55,35,48,66,59,52,47,25,31,34,47,40,31
Dartford,E07000107,24,31,18,18,14,45,36,43,59,33,40,37,56,45,64,66,46,39,35,62,41,53,46,41,24,34,56,34,24
Daventry,E07000151,14,13,15,15,9,37,26,19,20,35,19,23,38,41,41,35,18,14,7,19,13,17,19,16,8,9,14,19,10
Derby,E06000015,172,137,166,108,109,256,183,158,159,194,118,148,215,159,155,150,131,115,83,153,115,112,97,74,54,62,82,79,71
Derbyshire,E10000007,423,397,424,280,261,592,438,413,380,402,292,364,526,491,404,320,363,288,227,402,337,278,207,235,172,146,234,176,113
Derbyshire Dales,E07000035,21,13,18,12,15,27,17,30,24,20,15,13,27,48,22,21,20,18,14,20,17,11,26,17,12,10,17,5,9
Devon,E10000008,104,122,94,89,83,143,102,135,131,120,101,113,187,169,141,137,155,98,95,168,101,113,100,98,87,74,146,81,48
Doncaster,E08000017,255,220,193,182,187,326,252,204,171,171,123,120,231,183,188,150,143,98,70,152,159,123,105,85,70,76,98,112,84
Dorset,E06000059,61,63,56,34,17,69,56,58,66,50,48,45,85,75,73,43,47,55,34,61,42,37,43,29,11,16,33,20,16
Dover,E07000108,20,29,20,16,15,38,24,36,20,26,17,30,30,38,40,40,45,31,26,62,50,48,38,61,44,38,76,56,43
Dudley,E08000027,191,200,177,148,108,306,240,218,229,205,198,217,331,276,279,257,276,217,157,270,236,215,190,163,128,122,178,147,120
Durham,E06000047,250,246,230,165,226,352,252,274,325,266,272,256,380,355,340,292,297,182,193,291,291,233,174,195,114,131,174,143,137
Ealing,E09000009,93,120,87,75,52,172,118,119,102,110,70,116,146,128,136,151,142,106,76,148,90,109,99,104,66,67,115,91,84
East Cambridgeshire,E07000009,5,3,5,4,6,15,10,5,11,13,8,7,11,10,13,7,10,2,7,10,13,16,17,8,4,8,9,7,4
East Devon,E07000040,20,21,19,22,17,36,23,33,30,31,23,29,62,26,37,25,32,22,38,30,28,25,24,21,16,21,55,22,17
East Hampshire,E07000085,17,11,15,9,14,37,16,35,28,27,26,28,30,29,28,25,29,25,18,25,24,28,17,21,14,10,21,18,9
East Hertfordshire,E07000242,27,19,12,20,26,33,33,30,16,30,34,36,38,37,62,37,38,37,39,42,28,42,22,14,20,17,37,22,29
East Lindsey,E07000137,49,67,68,35,35,82,77,80,89,95,54,75,134,161,127,119,118,75,39,173,141,71,87,84,37,18,90,77,42
East Northamptonshire,E07000152,26,33,20,20,20,34,33,41,36,41,18,26,52,42,29,21,15,18,16,25,20,14,11,27,7,14,21,16,13
East Riding of Yorkshire,E06000011,159,174,152,135,147,255,214,227,198,240,242,192,307,261,222,227,197,151,113,200,189,148,139,109,81,83,142,99,59
East Staffordshire,E07000193,42,68,67,52,36,89,67,85,57,75,48,65,103,86,76,73,79,67,57,92,78,68,55,61,43,31,53,39,35
East Suffolk,E07000244,21,16,19,18,16,24,23,25,33,32,20,13,37,45,48,33,23,14,17,41,30,19,17,30,19,17,30,17,12
East Sussex,E10000011,47,57,46,29,21,55,52,54,41,69,73,47,102,86,103,96,110,86,69,191,119,105,96,79,75,45,117,83,46
Eastbourne,E07000061,20,25,13,8,3,12,13,14,6,12,16,8,23,16,18,10,25,25,11,37,29,21,18,6,12,8,21,13,11
Eastleigh,E07000086,35,39,35,21,13,47,22,36,27,31,18,18,26,29,25,25,28,18,21,19,15,19,13,17,12,11,10,11,6
Eden,E07000030,14,14,11,12,16,12,21,25,13,9,11,19,26,22,13,17,11,12,4,12,7,13,5,2,7,7,4,5,4
Elmbridge,E07000207,24,30,14,16,9,23,16,23,17,17,25,26,32,41,21,25,42,18,24,30,32,30,12,15,13,12,14,20,19
Enfield,E09000010,64,81,57,43,51,110,82,74,73,79,58,53,99,108,115,132,123,76,89,124,112,114,98,89,89,64,97,68,33
Epping Forest,E07000072,37,30,31,13,21,44,38,27,37,45,30,34,57,29,54,54,38,25,23,49,50,60,24,52,29,25,43,18,17
Epsom and Ewell,E07000208,9,20,12,4,13,20,13,13,19,19,20,19,37,25,53,18,27,12,7,37,20,15,18,24,11,9,14,11,12
Erewash,E07000036,59,61,48,32,35,67,39,41,34,50,30,45,79,74,47,50,59,32,31,67,53,33,29,29,15,10,31,20,11
Essex,E10000012,232,209,249,134,125,320,259,234,257,277,183,227,407,296,366,347,356,252,229,408,377,322,297,333,202,207,365,273,255
Exeter,E07000041,24,24,22,19,17,30,24,33,24,27,23,24,37,42,25,38,33,23,28,29,25,32,26,19,12,10,33,16,11
Fareham,E07000087,20,22,27,12,8,39,30,29,19,31,13,25,35,20,36,27,43,16,24,29,27,29,13,13,9,13,10,19,11
Fenland,E07000010,14,17,15,11,6,12,19,10,5,14,9,9,28,20,43,14,14,18,10,19,18,23,27,19,4,4,21,9,14
Folkestone and Hythe,E07000112,12,13,13,9,6,20,14,25,17,18,12,17,25,25,31,22,33,28,20,38,27,46,31,23,17,20,47,43,32
Forest of Dean,E07000080,10,11,6,4,6,24,10,9,19,10,4,13,22,16,10,17,12,16,15,24,20,16,15,15,9,7,16,9,8
Fylde,E07000119,39,38,26,20,34,46,20,44,29,28,20,25,47,41,50,32,30,22,24,34,34,36,21,23,11,17,16,27,12
Gateshead,E08000037,120,113,86,66,93,163,154,136,145,132,117,97,175,128,152,111,91,77,66,94,118,97,74,78,61,37,55,53,32
Gedling,E07000173,60,57,53,44,35,81,66,79,47,45,38,36,70,39,53,34,45,24,30,59,41,36,20,22,27,20,36,37,13
Gloucester,E07000081,29,26,40,22,13,41,31,31,30,23,30,16,29,37,39,28,56,37,24,56,63,30,35,35,31,28,23,43,31
Gloucestershire,E10000013,135,126,118,75,48,152,139,149,123,145,98,114,167,152,164,130,177,142,117,188,174,106,123,106,80,77,100,100,85
Gosport,E07000088,17,25,13,7,6,30,17,17,12,18,18,30,24,40,36,22,25,15,13,29,19,20,15,14,9,12,10,11,11
Gravesham,E07000109,15,17,26,20,4,32,34,33,44,25,39,30,63,34,54,55,56,40,35,84,66,80,57,49,46,35,87,58,52
Great Yarmouth,E07000145,24,22,33,14,21,26,22,20,38,19,42,28,33,41,36,14,21,8,13,30,16,10,22,6,9,10,10,8,5
Greenwich,E09000011,50,49,45,32,23,74,59,45,50,52,39,32,94,87,95,79,59,70,55,122,102,78,84,62,37,41,95,60,43
Guildford,E07000209,24,26,25,22,18,45,46,38,40,39,23,39,42,30,30,31,21,15,12,45,18,31,17,33,21,15,32,22,20
Hackney,E09000012,71,42,52,52,38,84,60,45,49,53,44,46,88,66,73,99,88,48,44,91,91,75,62,50,26,59,57,51,37
Halton,E06000006,45,60,37,38,36,68,55,44,48,38,23,48,76,50,41,33,39,40,41,60,51,28,38,25,17,26,33,22,33
Hambleton,E07000164,29,30,38,22,26,53,33,43,22,38,23,19,27,31,30,26,28,13,21,33,22,20,11,19,20,11,13,14,9
Hammersmith and Fulham,E09000013,76,48,40,33,27,64,46,43,43,39,37,33,69,66,75,45,76,33,33,53,41,49,47,41,23,22,30,29,20
Hampshire,E10000014,264,238,247,159,140,358,288,306,277,277,172,284,337,365,338,287,386,225,223,311,276,235,192,175,134,109,148,170,134
Harborough,E07000131,23,26,38,9,15,38,28,33,36,21,41,29,61,46,47,55,36,38,28,43,50,46,37,36,25,18,38,25,18
Haringey,E09000014,41,60,69,44,45,77,53,49,46,49,40,50,61,60,57,78,56,48,42,67,46,69,44,54,35,36,53,34,31
Harlow,E07000073,15,11,14,12,4,16,11,10,13,20,11,22,16,19,18,19,20,16,23,17,37,17,20,35,19,35,33,24,17
Harrogate,E07000165,68,55,67,51,37,91,86,49,64,75,55,63,95,60,57,52,54,40,40,69,46,31,28,32,10,20,37,17,15
Harrow,E09000015,65,48,50,44,30,96,49,56,61,51,46,56,79,95,75,68,79,53,43,77,94,63,57,63,37,38,71,46,32
Hart,E07000089,9,13,19,7,10,16,24,15,18,19,10,12,17,17,12,12,20,9,11,10,15,7,9,10,7,4,10,8,16
Hartlepool,E06000001,43,49,48,44,35,69,59,61,49,65,54,74,99,78,79,97,87,53,51,77,74,51,44,41,25,29,31,43,33
Hastings,E07000062,5,6,3,2,6,4,8,3,5,7,11,8,15,10,11,11,15,17,11,20,16,17,12,12,9,7,13,10,4
Havant,E07000090,28,32,23,14,12,42,38,44,48,32,25,26,42,40,46,40,55,35,31,58,45,34,46,28,15,10,23,22,22
Havering,E09000016,72,79,81,84,51,151,112,103,117,93,75,73,165,119,160,148,167,134,103,172,149,131,145,100,76,91,109,83,78
Herefordshire,E06000019,25,20,19,18,9,40,36,37,31,20,33,28,61,67,55,51,53,54,28,45,50,34,39,24,13,22,21,14,19
Hertfordshire,E10000015,227,217,174,184,133,324,243,238,210,248,231,212,360,277,358,322,279,218,201,307,259,238,223,195,151,165,244,184,158
Hertsmere,E07000098,26,22,21,28,6,23,20,16,9,21,10,15,21,20,37,29,32,17,11,29,24,28,21,20,8,18,32,17,13
High Peak,E07000037,44,42,47,18,22,50,61,41,48,41,35,41,53,54,36,19,34,31,21,43,25,25,19,21,15,11,24,9,7
Hillingdon,E09000017,84,104,60,55,62,135,83,86,84,78,85,73,117,134,98,124,119,61,87,105,97,89,75,81,51,61,87,79,55
Hinckley and Bosworth,E07000132,33,29,26,28,32,56,32,41,66,46,46,41,82,64,60,45,39,38,45,75,50,37,22,22,21,16,19,16,13
Horsham,E07000227,20,23,17,8,8,32,15,36,10,18,24,20,28,27,19,30,28,16,15,35,27,15,14,18,6,13,19,17,11
Hounslow,E09000018,81,84,70,40,39,85,76,64,81,56,67,71,85,78,68,97,77,54,54,119,90,87,77,64,47,48,76,77,60
Huntingdonshire,E07000011,16,20,23,13,15,36,24,25,21,28,19,33,40,35,40,28,23,11,6,18,23,24,20,13,9,11,17,17,13
Hyndburn,E07000120,57,50,67,44,26,78,52,53,55,39,36,37,62,40,42,57,55,36,54,78,64,53,40,29,33,33,39,21,24
Ipswich,E07000202,10,12,24,10,18,25,21,18,24,14,18,17,26,22,14,10,9,19,18,34,26,30,39,19,44,30,28,29,21
Isle of Wight,E06000046,12,11,8,5,3,24,13,24,21,13,12,1,26,16,17,24,12,16,2,30,8,17,11,11,1,1,6,8,11
Isles of Scilly,E06000053,Not Applicable,Not Applicable,Not Applicable,Not Applicable,Not Applicable,Not Applicable,Not Applicable,Not Applicable,Not Applicable,Not Applicable,Not Applicable,Not Applicable,Not Applicable,Not Applicable,Not Applicable,Not Applicable,Not Applicable,Not Applicable,Not Applicable,Not Applicable,Not Applicable,Not Applicable,Not Applicable,Not Applicable,Not Applicable,Not Applicable,Not Applicable,Not Applicable,Not Applicable
Islington,E09000019,45,43,41,31,23,49,53,41,63,57,47,47,90,61,68,54,59,40,28,61,52,55,37,43,29,29,49,32,18
Kensington and Chelsea,E09000020,37,39,26,18,17,36,27,21,21,25,19,31,42,27,46,41,24,26,24,38,40,24,28,35,15,21,27,32,15
Kent,E10000016,298,269,264,205,217,497,382,401,428,387,396,427,719,578,693,756,764,491,450,836,627,738,597,638,464,390,903,610,543
Kettering,E07000153,12,12,13,8,8,27,18,25,19,35,28,20,42,38,42,32,27,13,27,35,14,29,22,19,10,12,23,24,16
King's Lynn and West Norfolk,E07000146,34,30,37,29,17,34,39,29,30,24,15,16,34,34,26,24,31,33,24,49,30,27,28,23,14,16,24,9,16
Kingston upon Hull,E06000010,181,183,181,178,195,354,308,274,294,299,212,171,403,366,296,280,250,195,155,284,238,199,158,149,92,75,168,107,71
Kingston upon Thames,E09000021,35,41,29,30,24,47,34,33,39,31,48,29,49,54,56,66,42,37,36,43,55,39,38,23,30,41,45,41,46
Kirklees,E08000034,352,350,351,294,301,438,368,347,382,384,299,274,400,397,444,352,276,285,245,316,334,297,217,204,150,125,207,157,122
Knowsley,E08000011,103,93,66,63,45,107,81,58,73,76,60,71,81,68,63,67,47,33,20,51,50,42,27,30,18,16,43,30,26
Lambeth,E09000022,62,82,78,38,52,92,57,55,66,82,52,56,96,74,82,91,79,50,41,106,48,71,54,65,50,34,56,56,36
Lancashire,E10000017,710,654,611,490,512,822,633,655,578,500,434,515,677,603,606,508,526,411,330,555,507,461,412,356,247,282,411,379,320
Lancaster,E07000121,64,50,57,44,51,46,28,37,30,38,25,26,31,23,45,21,34,30,17,30,26,16,19,22,12,24,31,34,19
Leeds,E08000035,574,532,514,368,376,628,559,507,516,521,409,401,675,532,530,475,496,382,238,429,423,353,267,267,193,183,261,203,135
Leicester,E06000016,206,254,186,142,114,308,263,187,238,230,220,229,342,291,316,250,231,198,187,266,242,232,156,179,141,126,199,157,137
Leicestershire,E10000018,319,285,252,221,179,497,327,310,377,344,319,360,543,405,439,403,332,325,241,467,351,291,221,242,177,160,187,190,151
Lewes,E07000063,7,9,12,8,4,13,9,13,8,11,16,5,14,13,22,13,14,8,4,25,21,12,18,12,5,3,12,10,15
Lewisham,E09000023,52,45,42,24,19,79,47,38,44,47,32,31,80,61,61,49,77,43,36,70,57,40,48,42,26,21,60,41,39
Lichfield,E07000194,57,36,51,41,35,82,46,56,53,62,45,65,77,53,78,71,52,38,33,93,51,50,30,40,25,21,25,33,23
Lincoln,E07000138,40,45,47,27,12,75,50,43,58,58,38,61,88,65,75,52,71,44,40,67,58,48,37,42,33,38,68,81,25
Lincolnshire,E10000019,220,240,233,169,124,388,285,305,302,352,229,330,502,472,451,372,387,246,215,483,402,285,312,252,181,159,392,316,168
Liverpool,E08000012,245,245,241,141,133,259,217,176,190,222,151,193,281,209,216,191,163,134,104,146,187,99,100,97,53,51,98,75,69
Luton,E06000032,77,74,83,60,60,120,84,71,81,67,62,57,98,105,96,101,93,71,44,120,89,100,106,83,52,86,77,61,71
Maidstone,E07000110,32,31,29,22,24,54,31,40,42,44,31,37,63,42,68,69,68,58,36,68,63,77,82,78,59,42,107,70,68
Maldon,E07000074,6,5,6,3,3,6,11,3,2,10,4,10,13,9,4,6,14,9,5,6,6,7,7,8,3,4,9,2,4
Malvern Hills,E07000235,16,11,8,9,13,21,17,13,12,16,11,9,20,16,7,11,20,12,4,10,12,19,9,9,5,2,12,9,8
Manchester,E08000003,408,421,424,271,250,520,378,362,328,339,243,245,373,327,345,288,293,204,161,277,223,225,186,195,113,139,181,165,118
Mansfield,E07000174,60,68,65,42,20,89,83,55,62,65,50,31,52,59,85,33,54,52,31,78,45,47,42,34,26,19,27,20,25
Medway,E06000035,57,68,59,44,40,116,84,75,66,79,83,93,135,117,140,140,146,118,102,194,165,203,179,195,154,134,217,202,164
Melton,E07000133,6,12,15,19,13,28,33,9,26,32,31,28,45,28,21,52,13,17,14,32,19,22,23,18,8,4,13,10,13
Mendip,E07000187,11,10,14,9,14,25,9,16,4,11,14,22,18,24,16,17,20,11,12,16,33,18,21,15,13,16,40,15,7
Merton,E09000024,36,46,40,20,33,52,31,41,42,41,32,28,55,49,56,54,67,40,44,70,59,62,57,33,41,20,46,44,38
Mid Devon,E07000042,5,12,10,11,11,14,5,11,6,9,9,6,10,16,11,4,9,9,2,27,8,11,12,11,8,6,7,4,4
Mid Suffolk,E07000203,6,15,9,9,4,13,7,9,10,15,11,12,12,11,8,9,5,6,5,17,9,9,4,7,8,4,4,4,6
Mid Sussex,E07000228,15,9,21,11,18,29,25,26,31,24,28,16,32,37,45,41,30,20,22,55,40,27,35,19,17,15,22,21,9
Middlesbrough,E06000002,66,51,76,71,42,106,94,83,72,90,108,90,116,117,99,90,84,67,53,98,89,67,55,55,46,27,46,40,41
Milton Keynes,E06000042,34,44,55,51,31,64,48,43,58,47,30,47,90,62,75,90,78,63,65,87,80,69,52,67,45,45,51,52,42
Mole Valley,E07000210,24,43,32,19,14,36,26,28,21,12,13,19,22,23,28,18,13,9,5,22,16,8,13,9,9,7,15,17,9
New Forest,E07000091,34,27,23,14,11,40,33,28,28,25,15,42,40,58,45,28,46,23,12,33,25,30,15,19,5,7,7,12,6
Newark and Sherwood,E07000175,48,53,30,33,20,60,66,57,47,44,37,32,53,43,50,45,58,23,24,36,43,47,27,35,24,37,39,16,22
Newcastle upon Tyne,E08000021,113,115,126,115,115,176,186,167,174,190,154,155,255,193,243,160,211,143,125,190,192,165,134,98,70,64,110,80,88
Newcastle-under-Lyme,E07000195,84,86,110,65,47,107,82,75,95,77,53,66,105,85,96,92,95,66,47,114,95,77,65,67,60,48,53,43,37
Newham,E09000025,87,76,89,51,61,137,114,112,87,101,79,65,130,111,121,102,99,84,99,138,135,146,103,101,69,93,116,130,92
Norfolk,E10000020,163,110,150,75,78,138,143,146,172,149,154,152,268,240,202,146,195,142,100,236,150,134,150,102,131,79,134,93,79
North Devon,E07000043,13,12,23,5,8,21,15,18,21,12,14,21,24,29,27,24,24,15,11,34,14,10,8,21,12,12,17,17,5
North East Derbyshire,E07000038,46,49,58,24,37,69,42,39,47,46,33,35,63,44,37,30,22,39,31,31,44,36,25,20,53,16,25,15,16
North East Lincolnshire,E06000012,114,115,132,100,105,261,154,125,157,117,99,117,178,117,128,121,101,85,77,139,102,92,96,81,43,42,86,58,31
North Hertfordshire,E07000099,29,22,26,16,12,35,21,22,17,20,13,19,42,32,35,34,23,24,16,32,16,18,13,17,17,13,31,18,10
North Kesteven,E07000139,31,44,32,37,26,80,37,54,42,44,29,37,73,63,48,47,66,28,33,65,43,32,29,25,30,29,49,24,28
North Lincolnshire,E06000013,62,63,69,47,66,102,100,90,82,94,67,79,139,131,118,121,115,88,109,123,117,101,62,81,47,57,74,61,59
North Norfolk,E07000147,3,3,11,0,3,6,6,16,10,4,2,6,16,14,4,8,9,11,7,16,8,7,10,11,35,3,10,3,5
North Somerset,E06000024,46,73,57,43,44,97,98,81,90,62,64,78,101,119,98,105,101,61,48,94,69,69,68,51,52,35,75,71,32
North Tyneside,E08000022,91,98,91,76,72,140,100,81,101,117,96,82,173,136,155,141,118,85,68,110,98,102,82,78,59,39,101,65,60
North Warwickshire,E07000218,23,24,23,19,25,42,34,34,23,26,30,31,49,46,31,45,31,38,24,32,27,24,27,41,18,17,21,16,12
North West Leicestershire,E07000134,40,43,24,27,36,65,40,51,44,62,43,51,91,63,60,66,48,55,25,74,42,52,36,39,30,16,25,26,28
North Yorkshire,E10000023,211,170,200,158,147,286,263,273,227,303,221,261,366,286,291,238,225,169,144,281,254,176,133,123,104,87,136,91,72
Northampton,E07000154,67,68,76,57,25,132,82,79,93,87,72,88,103,113,102,79,80,74,44,101,88,78,59,70,47,61,55,63,31
Northamptonshire,E10000021,166,161,165,142,91,327,224,221,221,255,171,231,297,315,298,249,206,180,155,263,214,211,170,177,108,137,166,169,100
Northumberland,E06000057,87,105,97,64,72,123,126,116,113,133,117,108,168,160,166,137,112,91,103,145,161,135,76,92,66,88,108,95,68
Norwich,E07000148,28,22,21,9,9,19,21,17,20,26,19,23,43,28,34,22,31,24,14,42,30,29,32,11,33,20,22,13,12
Nottingham,E06000018,198,167,185,135,108,279,162,151,154,152,105,106,145,128,154,111,138,91,79,135,118,118,80,78,73,51,100,63,59
Nottinghamshire,E10000024,436,457,442,300,237,583,470,397,355,351,291,242,415,387,427,296,344,259,210,394,325,299,234,221,180,162,235,174,131
Nuneaton and Bedworth,E07000219,30,38,47,34,46,50,34,47,44,48,53,44,98,80,77,75,59,56,52,88,62,66,60,62,30,28,57,36,38
Oadby and Wigston,E07000135,35,36,20,16,15,44,45,29,39,37,29,40,49,50,46,39,49,28,29,53,37,25,24,42,25,23,43,32,17
Oldham,E08000004,265,246,313,193,177,410,280,280,244,227,170,166,259,230,224,160,154,125,106,187,154,164,105,116,92,55,122,79,83
Oxford,E07000178,28,43,32,35,14,49,41,25,32,56,43,65,73,53,69,52,54,13,23,27,27,38,31,27,31,23,37,26,23
Oxfordshire,E10000025,112,155,134,114,66,168,149,142,137,179,133,172,219,151,195,150,154,85,82,127,100,102,82,86,73,68,102,76,70
Pendle,E07000122,73,69,32,59,54,86,72,71,57,67,36,40,55,67,60,51,91,51,19,47,44,48,46,42,35,25,52,36,41
Peterborough,E06000031,49,38,45,32,31,63,50,49,52,53,49,55,77,62,89,49,67,34,54,66,58,70,77,46,49,36,80,64,44
Plymouth,E06000026,66,67,60,46,26,68,63,108,87,75,77,72,104,90,102,86,83,60,47,68,59,42,42,43,37,19,38,25,16
Portsmouth,E06000044,80,59,68,37,23,115,73,69,85,65,64,79,114,107,87,108,116,53,49,102,55,68,68,36,42,23,59,33,23
Preston,E07000123,105,100,110,82,72,117,103,102,88,79,97,103,107,128,70,83,46,48,41,71,65,68,73,39,26,43,57,37,23
Reading,E06000038,33,43,44,29,22,57,41,44,27,21,27,30,40,37,41,33,42,38,21,59,28,35,27,40,23,19,24,38,30
Redbridge,E09000026,75,111,103,67,69,158,104,98,92,107,83,85,127,135,128,134,147,92,95,151,143,153,135,137,95,104,145,122,99
Redcar and Cleveland,E06000003,50,50,84,43,63,78,83,104,78,89,82,94,120,100,109,101,78,67,90,94,67,88,67,52,22,12,39,32,38
Redditch,E07000236,19,33,20,27,21,52,70,38,35,35,31,30,47,69,49,33,47,33,25,48,33,29,39,26,16,10,31,18,16
Reigate and Banstead,E07000211,21,17,26,14,19,31,21,27,35,25,25,30,56,49,27,24,17,28,14,37,22,18,22,27,19,8,18,26,14
Ribble Valley,E07000124,29,43,33,16,19,43,44,42,26,40,18,31,32,29,38,20,19,24,20,17,18,23,10,23,11,15,15,19,18
Richmond upon Thames,E09000027,49,35,33,24,25,47,30,40,44,16,26,41,55,48,42,33,37,15,18,41,47,30,24,31,10,15,30,33,22
Richmondshire,E07000166,19,16,13,4,8,9,22,19,7,14,20,31,32,19,11,24,20,7,4,19,23,15,7,8,13,6,10,11,5
Rochdale,E08000005,197,200,199,148,125,288,221,191,207,196,129,138,216,156,196,169,179,101,101,163,144,127,95,99,77,58,151,84,75
Rochford,E07000075,5,5,16,11,7,17,10,7,9,19,7,11,22,20,26,28,15,19,13,22,22,16,15,17,15,11,18,11,17
Rossendale,E07000125,54,29,43,41,38,81,61,35,47,27,18,47,45,44,50,34,38,32,29,35,37,45,31,34,13,23,29,43,28
Rother,E07000064,5,8,3,4,2,10,3,13,10,15,11,13,26,16,18,25,16,13,20,33,14,20,16,22,24,9,24,12,7
Rotherham,E08000018,211,195,215,136,140,247,194,137,155,156,108,129,184,171,156,131,105,124,91,117,124,92,89,91,55,50,81,92,71
Rugby,E07000220,25,17,30,15,15,33,18,25,35,28,18,30,57,55,61,36,37,35,24,40,43,42,31,28,22,20,28,21,30
Runnymede,E07000212,18,18,12,12,19,16,37,16,31,23,17,32,33,33,42,29,29,15,26,34,48,19,21,17,19,12,22,15,8
Rushcliffe,E07000176,64,90,54,60,41,62,36,37,29,27,29,19,47,50,41,36,34,31,28,41,39,30,33,29,15,11,25,19,6
Rushmoor,E07000092,22,11,15,8,22,19,17,26,17,16,8,15,19,20,26,15,26,12,15,15,19,6,9,12,17,11,9,4,9
Rutland,E06000017,1,5,7,5,4,10,9,4,10,12,5,8,7,8,7,7,13,5,5,10,4,5,8,4,6,0,4,3,1
Ryedale,E07000167,12,5,9,9,9,13,11,13,9,10,10,14,20,28,22,18,11,8,6,17,17,10,11,5,8,5,14,7,5
Salford,E08000006,272,261,231,164,171,335,205,220,207,178,108,161,213,183,191,174,156,91,90,152,129,101,83,67,51,55,68,66,52
Sandwell,E08000028,181,193,225,130,127,264,252,199,229,208,174,193,284,286,263,255,230,181,155,248,266,212,182,189,127,105,142,158,103
Scarborough,E07000168,22,25,32,23,36,56,64,88,76,122,80,89,110,83,107,66,46,52,34,63,71,49,47,26,31,19,29,12,17
Sedgemoor,E07000188,30,21,19,22,13,36,32,29,22,22,13,20,39,36,20,38,39,26,15,41,33,41,16,10,11,10,21,24,27
Sefton,E08000014,120,123,123,62,68,164,102,121,101,123,81,115,137,129,113,106,111,66,49,94,78,51,48,55,48,23,64,45,38
Selby,E07000169,38,29,32,34,21,41,37,32,31,31,23,34,41,39,45,28,43,26,29,53,49,30,20,24,15,19,23,19,14
Sevenoaks,E07000111,23,20,26,12,7,24,26,23,22,19,19,26,30,38,32,28,52,31,22,40,24,34,20,30,19,14,17,18,13
Sheffield,E08000019,330,354,414,258,270,350,336,308,324,272,235,250,339,255,258,201,231,204,182,264,261,215,178,157,118,132,170,130,119
Shropshire,E06000051,91,93,96,68,43,170,92,81,115,107,87,102,149,132,133,111,100,59,57,90,90,82,71,61,46,54,100,54,48
Slough,E06000039,53,49,52,38,42,70,54,48,50,58,60,44,82,104,84,91,80,47,44,84,97,74,58,60,46,57,88,62,65
Solihull,E08000029,73,90,95,72,48,92,96,95,106,87,56,77,125,141,114,91,78,81,56,112,85,84,85,80,42,44,65,48,44
Somerset,E10000027,72,76,69,61,52,117,81,97,82,84,66,80,151,110,107,100,128,90,68,141,119,125,71,52,41,40,104,102,59
Somerset West and Taunton,E07000246,14,24,23,13,11,32,18,20,32,19,17,14,42,25,20,16,27,16,16,28,17,35,14,10,6,4,18,15,12
South Cambridgeshire,E07000012,16,14,18,11,11,33,20,27,27,25,19,25,30,33,28,37,17,10,11,30,15,21,13,7,8,6,17,12,5
South Derbyshire,E07000039,82,71,58,56,35,95,73,68,66,73,48,46,69,58,81,45,67,58,32,80,49,50,33,30,24,29,38,29,10
South Gloucestershire,E06000025,119,137,119,72,78,172,132,147,149,151,112,119,170,146,140,141,157,114,106,150,105,99,76,56,65,50,97,49,64
South Hams,E07000044,10,15,5,11,8,8,10,12,12,12,7,7,19,12,17,15,16,8,5,14,3,7,7,8,4,5,3,3,2
South Holland,E07000140,23,16,13,16,7,26,27,19,27,42,18,43,32,36,36,24,27,11,17,26,27,16,29,22,7,8,23,22,14
South Kesteven,E07000141,31,26,37,20,14,54,44,46,37,38,41,34,64,44,67,46,36,29,30,53,37,50,43,23,31,18,42,24,17
South Lakeland,E07000031,23,36,20,22,17,33,16,25,25,26,21,25,37,33,37,53,26,24,12,39,115,13,24,17,19,8,17,12,8
South Norfolk,E07000149,20,15,14,9,9,25,15,18,12,26,25,43,64,58,38,41,44,29,20,47,31,30,32,25,16,12,27,18,9
South Northamptonshire,E07000155,19,21,15,28,11,51,23,23,28,25,17,31,25,35,40,41,28,30,39,38,26,29,26,23,18,24,25,16,10
South Oxfordshire,E07000179,19,24,27,20,11,28,28,25,32,30,31,18,40,27,26,26,18,21,19,34,19,19,8,20,4,9,10,13,11
South Ribble,E07000126,67,52,33,43,45,58,40,48,34,28,36,40,49,47,42,44,29,33,21,49,41,32,30,37,24,23,43,49,48
South Somerset,E07000189,17,21,13,17,14,24,22,32,24,32,22,24,52,25,51,29,42,37,25,56,36,31,20,17,11,10,25,48,13
South Staffordshire,E07000196,66,73,62,40,51,95,120,87,78,75,40,52,98,101,74,66,79,57,46,70,74,50,37,42,41,33,54,34,17
South Tyneside,E08000023,56,48,72,44,39,90,102,68,79,76,79,72,123,90,106,104,72,60,67,81,93,104,62,61,57,50,57,47,36
Southampton,E06000045,57,62,72,58,28,86,73,71,66,76,51,68,95,113,74,72,97,56,53,83,60,37,43,22,25,27,32,36,25
Southend-on-Sea,E06000033,26,25,15,25,20,37,50,21,45,23,36,29,61,47,50,47,61,37,25,47,35,31,47,20,20,27,32,32,29
Southwark,E09000028,61,48,63,30,25,78,47,43,50,48,31,40,80,62,55,73,48,39,53,66,37,53,46,55,32,23,59,61,38
Spelthorne,E07000213,27,22,41,28,25,38,24,31,34,30,33,27,64,31,43,34,27,26,14,41,41,28,34,22,11,16,19,18,13
St Albans,E07000240,16,15,15,15,12,41,23,23,25,21,33,23,45,27,34,36,46,28,18,31,30,21,24,17,22,18,26,24,26
St. Helens,E08000013,107,106,86,70,68,140,104,97,61,80,41,71,91,79,76,67,86,54,47,70,68,55,40,31,24,20,50,42,34
Stafford,E07000197,61,80,82,50,34,123,90,88,73,85,57,55,91,96,105,92,68,62,51,96,75,69,70,51,42,32,58,56,40
Staffordshire,E10000028,469,487,491,353,290,713,590,533,500,515,342,424,673,584,637,551,543,381,349,614,501,435,362,356,290,222,345,283,225
Staffordshire Moorlands,E07000198,65,47,41,41,28,87,64,49,64,47,39,44,78,59,70,54,71,42,42,54,41,46,38,29,17,18,28,29,34
Stevenage,E07000243,13,15,13,8,16,27,14,16,14,18,17,10,22,23,33,25,30,9,15,21,12,12,9,28,7,6,11,13,2
Stockport,E08000007,190,181,176,128,139,258,175,136,139,128,121,107,184,166,162,149,106,99,69,118,116,85,91,70,64,57,85,61,52
Stockton-on-Tees,E06000004,130,80,118,80,93,160,110,116,124,100,92,110,154,137,172,103,149,91,93,137,112,121,94,70,59,40,77,77,53
Stoke-on-Trent,E06000021,150,161,168,117,105,209,196,146,176,169,129,184,258,275,202,189,204,150,136,211,220,152,165,131,97,99,169,126,110
Stratford-on-Avon,E07000221,41,29,24,30,15,57,34,31,28,31,29,20,41,28,34,28,36,18,18,24,22,17,15,21,14,17,20,19,8
Stroud,E07000082,34,31,32,14,13,18,34,50,27,54,21,37,21,29,34,26,20,29,23,38,34,24,21,11,17,10,24,13,15
Suffolk,E10000029,68,95,82,58,48,94,73,81,112,90,87,93,124,118,121,73,67,52,80,134,93,106,85,87,86,63,89,67,56
Sunderland,E08000024,128,146,138,78,92,167,200,158,168,151,127,136,220,226,171,145,152,99,96,185,117,124,111,95,67,68,83,61,43
Surrey,E10000030,225,261,238,153,159,302,261,246,267,249,233,256,429,336,321,260,252,183,169,316,291,235,187,207,174,140,226,202,140
Surrey Heath,E07000214,7,19,16,8,5,20,17,13,20,12,18,13,42,26,20,19,21,9,15,15,24,21,19,16,17,25,18,11,12
Sutton,E09000029,26,42,33,21,32,42,54,48,38,57,26,32,63,55,73,62,48,44,39,58,45,45,37,37,38,22,32,38,35
Swale,E07000113,55,34,33,22,66,92,57,57,72,61,52,54,122,121,157,230,150,96,81,148,89,175,112,108,86,77,194,102,107
Swindon,E06000030,63,60,62,39,31,88,70,56,75,66,50,74,79,70,55,66,78,65,24,64,42,54,44,49,37,29,48,42,60
Tameside,E08000008,191,179,170,123,126,245,179,110,161,136,116,98,165,149,155,145,102,86,54,146,94,79,78,66,51,33,68,58,34
Tamworth,E07000199,41,41,38,38,27,55,56,43,36,47,32,38,50,55,57,54,49,29,38,50,46,41,28,29,37,20,32,22,15
Tandridge,E07000215,21,12,18,7,7,17,17,16,15,24,16,18,31,28,16,14,21,10,17,26,23,13,7,14,9,10,13,14,8
Teignbridge,E07000045,19,18,8,13,13,14,10,15,21,12,10,12,10,22,14,19,18,10,5,13,11,12,7,9,19,10,12,8,4
Telford and Wrekin,E06000020,82,60,71,55,50,107,97,89,93,92,68,76,131,93,125,89,73,50,55,99,76,49,51,65,53,44,71,60,30
Tendring,E07000076,6,16,11,6,8,12,17,14,21,14,6,9,16,11,14,15,11,16,8,17,20,12,21,9,5,7,14,16,17
Test Valley,E07000093,22,12,15,11,7,15,26,13,21,18,15,26,19,18,17,25,21,17,15,17,23,19,15,6,11,9,16,10,14
Tewkesbury,E07000083,17,13,9,10,5,18,12,10,16,10,8,12,29,15,20,24,22,24,17,29,21,14,22,19,10,10,11,15,14
Thanet,E07000114,49,34,38,29,30,83,61,60,80,72,76,74,135,108,109,114,130,64,81,134,110,96,100,101,67,59,132,84,82
Three Rivers,E07000102,20,16,11,10,7,23,8,29,20,18,22,26,31,21,38,32,19,21,10,31,16,22,15,18,15,27,22,12,14
Thurrock,E06000034,31,44,31,34,23,54,51,39,35,33,40,37,80,54,66,44,57,46,42,66,60,59,53,70,35,32,61,50,48
Tonbridge and Malling,E07000115,18,20,15,20,12,37,38,21,22,27,30,35,52,39,33,29,53,26,30,50,36,40,29,44,43,18,48,46,26
Torbay,E06000027,35,39,30,18,29,76,62,55,54,50,32,31,58,36,50,31,43,34,28,46,15,22,25,20,16,10,17,13,7
Torridge,E07000046,6,8,3,2,6,7,9,4,5,10,9,4,14,13,6,5,17,7,3,9,6,10,6,6,9,5,12,7,3
Tower Hamlets,E09000030,105,77,74,80,61,150,91,107,91,125,70,93,157,130,156,115,148,76,91,138,117,116,97,107,74,54,126,88,80
Trafford,E08000009,150,132,129,103,100,179,162,138,110,144,93,114,145,142,112,108,102,83,43,95,69,69,47,46,36,41,63,33,29
Tunbridge Wells,E07000116,12,7,11,4,13,15,22,14,9,14,19,18,29,17,23,22,18,12,19,41,23,17,15,13,9,9,17,13,10
Uttlesford,E07000077,9,13,17,8,11,16,15,12,21,27,19,17,24,17,16,23,19,8,18,20,15,13,6,17,5,6,15,10,9
Vale of White Horse,E07000180,19,19,11,15,11,22,25,24,19,32,20,35,28,21,33,27,32,17,16,14,20,14,8,12,13,11,15,12,13
Wakefield,E08000036,252,254,251,163,191,338,275,264,254,264,195,216,362,262,255,191,202,185,169,222,191,187,168,136,116,113,139,114,92
Walsall,E08000030,146,128,152,114,92,194,183,145,156,134,133,150,210,190,202,172,159,115,127,198,153,124,132,123,88,87,129,119,92
Waltham Forest,E09000031,64,71,78,51,33,92,61,67,70,58,60,75,138,97,94,110,68,62,55,112,83,88,66,106,77,64,98,68,62
Wandsworth,E09000032,62,68,52,45,36,76,63,82,66,68,62,72,104,86,113,99,88,68,41,82,69,49,41,55,27,33,73,38,35
Warrington,E06000007,159,158,153,95,96,139,133,126,124,113,76,95,121,72,92,88,75,59,50,85,71,70,59,38,37,33,57,42,34
Warwick,E07000222,61,58,41,39,43,82,66,42,75,44,52,59,68,60,47,42,40,42,51,51,41,40,28,36,15,17,30,18,17
Warwickshire,E10000031,180,166,165,137,144,264,186,179,205,177,182,184,313,269,250,226,203,189,169,235,195,189,161,188,99,99,156,110,105
Watford,E07000103,21,38,23,25,15,32,20,26,27,26,20,28,30,19,33,32,20,13,19,36,40,20,18,16,13,13,19,16,14
Waverley,E07000216,25,22,26,13,17,25,15,15,24,21,20,19,31,32,18,22,16,17,22,12,25,20,6,16,13,14,17,18,10
Wealden,E07000065,10,9,15,7,6,16,19,11,12,24,19,13,24,31,34,37,40,23,23,76,39,35,32,27,25,18,47,38,9
Wellingborough,E07000156,19,5,17,9,11,31,23,23,16,14,10,8,17,19,24,25,19,17,14,23,21,24,18,11,12,7,12,18,11
Welwyn Hatfield,E07000241,25,28,16,26,17,40,51,22,13,33,35,15,42,29,26,31,20,20,21,25,29,23,29,18,12,16,16,12,16
West Berkshire,E06000037,28,21,30,10,11,39,28,27,22,33,21,27,38,29,33,20,34,22,15,30,22,15,27,21,9,6,12,17,6
West Devon,E07000047,7,12,4,6,3,13,6,9,12,7,6,10,11,9,4,7,6,4,3,12,6,6,10,3,7,5,7,4,2
West Lancashire,E07000127,50,67,61,37,52,64,55,54,40,43,42,48,61,43,48,44,41,37,24,54,35,33,28,18,14,20,26,17,18
West Lindsey,E07000142,27,23,23,22,17,50,33,32,23,31,28,40,49,56,21,39,31,32,29,31,36,32,26,29,22,15,40,36,25
West Oxfordshire,E07000181,15,29,20,16,12,35,18,31,21,21,15,16,35,18,23,14,19,9,8,25,18,11,8,10,6,5,11,8,7
West Suffolk,E07000245,21,25,21,14,6,17,14,15,20,16,11,15,28,17,27,8,13,8,8,26,19,28,13,13,6,2,10,6,7
West Sussex,E10000032,124,122,131,92,72,186,134,142,110,120,112,110,178,194,154,174,145,121,89,248,139,107,95,79,66,66,107,82,56
Westminster,E09000033,47,70,75,71,33,84,70,47,48,46,38,45,71,74,68,69,63,34,37,64,47,42,44,37,27,34,43,23,26
Wigan,E08000010,318,340,334,226,195,467,306,261,270,263,149,187,322,217,231,172,182,119,108,224,169,127,158,141,74,98,120,109,97
Wiltshire,E06000054,52,82,56,56,27,101,90,57,78,57,67,53,90,101,84,98,98,88,78,130,116,79,63,77,54,36,65,39,47
Winchester,E07000094,25,21,32,28,8,36,36,26,29,21,15,30,40,49,29,33,53,27,21,35,30,20,18,10,17,12,12,19,10
Windsor and Maidenhead,E06000040,42,27,31,34,29,62,33,25,35,29,36,32,52,46,53,53,27,34,27,40,25,36,29,21,24,21,32,20,14
Wirral,E08000015,140,92,107,64,74,164,90,102,88,105,64,78,101,93,81,88,90,44,66,77,65,88,45,43,25,21,35,30,28
Woking,E07000217,25,32,16,10,13,31,29,26,11,27,23,14,39,18,23,26,18,24,13,17,22,32,18,14,32,12,44,30,15
Wokingham,E06000041,16,22,28,16,13,53,18,27,34,44,23,31,49,39,37,43,39,13,14,29,29,33,28,21,28,19,27,22,23
Wolverhampton,E08000031,128,113,126,87,86,157,146,135,137,121,92,104,159,155,176,139,139,111,96,145,182,138,130,136,94,71,114,100,91
Worcester,E07000237,28,26,35,24,16,42,35,40,34,62,41,21,40,35,42,44,30,26,27,34,30,25,19,18,13,14,14,11,12
Worcestershire,E10000034,163,163,162,128,110,261,225,184,204,232,160,157,261,235,233,191,192,159,138,233,148,171,153,126,83,71,140,104,77
Worthing,E07000229,19,19,16,14,6,23,9,12,14,11,3,4,21,19,7,10,14,13,2,34,7,10,8,3,7,1,8,0,5
Wychavon,E07000238,40,18,22,24,20,51,26,32,36,37,26,26,45,31,33,23,24,24,28,35,16,25,30,18,9,12,18,13,11
Wyre,E07000128,70,46,65,35,41,73,62,61,39,33,30,46,48,43,44,35,36,16,16,34,30,26,24,18,24,10,21,19,23
Wyre Forest,E07000239,29,42,41,22,29,51,48,35,43,49,25,28,60,29,55,46,33,29,27,57,33,39,35,25,25,17,31,30,13
York,E06000014,71,64,58,44,54,67,60,55,67,51,40,38,67,73,55,41,58,29,42,52,47,33,29,46,30,30,31,26,15
